{"s0013": {"Dice": 0.6172682642936707, "ASIS_L": 6.533491134643555, "ASIS_R": 6.805079460144043, "PT_L": 7.856022357940674, "PT_R": 1.7354238033294678, "IS_L": 7.853780269622803, "IS_R": 8.814627647399902, "PSIS_L": 25.763964446585113, "PSIS_R": 27.326293316611405}, "s0040": {"Dice": 0.6447314620018005, "ASIS_L": 4.19045877456665, "ASIS_R": 4.74983549118042, "PT_L": 2.2032783031463623, "PT_R": 2.65143084526062, "IS_L": 1.7220321893692017, "IS_R": 3.2819929122924805, "PSIS_L": 0.0, "PSIS_R": 0.0}, "s0311": {"Dice": 0.6672577857971191, "ASIS_L": 3.1328227519989014, "ASIS_R": 7.772536277770996, "PT_L": 4.51770544052124, "PT_R": 4.258621692657471, "IS_L": 4.011913776397705, "IS_R": 4.046689510345459, "PSIS_L": 25.065388849099794, "PSIS_R": 28.221820607718218}, "s1212": {"Dice": 0.5320460796356201, "ASIS_L": 3.729334592819214, "ASIS_R": 17.726917266845703, "PT_L": 8.9082670211792, "PT_R": 4.461277484893799, "IS_L": 23.472951889038086, "IS_R": 24.642593383789062, "PSIS_L": 4.776058673858643, "PSIS_R": 6.365536212921143}, "s1024": {"Dice": 0.299195796251297, "ASIS_L": 25.279876708984375, "ASIS_R": 20.623165130615234, "PT_L": 58.000606536865234, "PT_R": 9.301813125610352, "IS_L": 21.563186645507812, "IS_R": 17.739116668701172, "PSIS_L": 19.04147776852912, "PSIS_R": 17.23223545430771}, "s1240": {"Dice": 0.259972482919693, "ASIS_L": 5.421761512756348, "ASIS_R": 9.355073928833008, "PT_L": 3.5607471466064453, "PT_R": 12.959076881408691, "IS_L": 5.572508811950684, "IS_R": 7.163146495819092, "PSIS_L": 11.984766960144043, "PSIS_R": 23.609216690063477}, "s1411": {"Dice": 0.6348997950553894, "ASIS_L": 61.76216125488281, "ASIS_R": 58.07012939453125, "PT_L": 40.19255447387695, "PT_R": 37.96144485473633, "IS_L": 56.8024787902832, "IS_R": 44.56211471557617, "PSIS_L": 56.440773010253906, "PSIS_R": 55.40445327758789}, "s0440": {"Dice": 0.5757533311843872, "ASIS_L": 9.490803718566895, "ASIS_R": 10.47550106048584, "PT_L": 8.105719566345215, "PT_R": 3.826070785522461, "IS_L": 3.7716147899627686, "IS_R": 2.260345935821533, "PSIS_L": 19.92780128663991, "PSIS_R": 19.491758405592005}, "s1322": {"Dice": 0.7289187908172607, "ASIS_L": 8.982659339904785, "ASIS_R": 5.744751930236816, "PT_L": 3.8600878715515137, "PT_R": 4.06210994720459, "IS_L": 2.9793267250061035, "IS_R": 20.015012741088867, "PSIS_L": 2.046614646911621, "PSIS_R": 5.77063512802124}, "s1412": {"Dice": 0.4558199346065521, "ASIS_L": 7.410455226898193, "ASIS_R": 10.851881980895996, "PT_L": 4.177978992462158, "PT_R": 6.767702579498291, "IS_L": 26.28089714050293, "IS_R": 16.658405303955078, "PSIS_L": 10.646553993225098, "PSIS_R": 8.402637481689453}, "s0045": {"Dice": 0.6745607852935791, "ASIS_L": 5.963647842407227, "ASIS_R": 2.8895323276519775, "PT_L": 7.4503679275512695, "PT_R": 7.422514915466309, "IS_L": 3.6633853912353516, "IS_R": 6.257970809936523, "PSIS_L": 24.035802124926658, "PSIS_R": 24.778063963855335}, "s0216": {"Dice": 0.5186389088630676, "ASIS_L": 52.41539001464844, "ASIS_R": 55.23185348510742, "PT_L": 30.389869689941406, "PT_R": 28.114355087280273, "IS_L": 52.445064544677734, "IS_R": 42.02104568481445, "PSIS_L": 0.0, "PSIS_R": 0.0}, "s0324": {"Dice": 0.6179803013801575, "ASIS_L": 6.515979766845703, "ASIS_R": 5.763373851776123, "PT_L": 5.7516889572143555, "PT_R": 6.121511936187744, "IS_L": 23.15668296813965, "IS_R": 1.1623510122299194, "PSIS_L": 3.275301694869995, "PSIS_R": 3.8787481784820557}, "s0423": {"Dice": 0.5706509947776794, "ASIS_L": 5.546763896942139, "ASIS_R": 5.106028079986572, "PT_L": 2.5452792644500732, "PT_R": 3.2723746299743652, "IS_L": 2.4794366359710693, "IS_R": 3.12031888961792, "PSIS_L": 0.0, "PSIS_R": 0.0}, "s0441": {"Dice": 0.6736261248588562, "ASIS_L": 4.650754928588867, "ASIS_R": 6.550755023956299, "PT_L": 6.190883636474609, "PT_R": 6.326302528381348, "IS_L": 2.2538819313049316, "IS_R": 3.2696564197540283, "PSIS_L": 4.020498752593994, "PSIS_R": 4.416324138641357}, "s0450": {"Dice": 0.6824503540992737, "ASIS_L": 10.368424415588379, "ASIS_R": 6.528964042663574, "PT_L": 9.177008628845215, "PT_R": 10.7431001663208, "IS_L": 4.622720241546631, "IS_R": 7.053948879241943, "PSIS_L": 29.666085597568927, "PSIS_R": 33.37091743169035}, "s1152": {"Dice": 0.46732500195503235, "ASIS_L": 32.52083206176758, "ASIS_R": 23.61697769165039, "PT_L": 22.253238677978516, "PT_R": 20.230440139770508, "IS_L": 20.0728759765625, "IS_R": 29.421661376953125, "PSIS_L": 14.641732330647534, "PSIS_R": 15.262900397571673}, "s1161": {"Dice": 0.44991159439086914, "ASIS_L": 21.003253936767578, "ASIS_R": 23.45553207397461, "PT_L": 20.291404724121094, "PT_R": 16.754169464111328, "IS_L": 29.294300079345703, "IS_R": 27.628772735595703, "PSIS_L": 37.688472747802734, "PSIS_R": 27.333894729614258}, "s1233": {"Dice": 0.5863661170005798, "ASIS_L": 2.6539978981018066, "ASIS_R": 4.382669448852539, "PT_L": 4.399413585662842, "PT_R": 5.052744388580322, "IS_L": 4.270231246948242, "IS_R": 5.97231388092041, "PSIS_L": 21.308804217636922, "PSIS_R": 20.513556451075416}, "s1413": {"Dice": 0.6208685636520386, "ASIS_L": 9.717586517333984, "ASIS_R": 10.243541717529297, "PT_L": 3.6896517276763916, "PT_R": 11.225617408752441, "IS_L": 1.7638682126998901, "IS_R": 1.576333999633789, "PSIS_L": 5.5765461921691895, "PSIS_R": 9.171476364135742}, "s1422": {"Dice": 0.6309308409690857, "ASIS_L": 52.50212478637695, "ASIS_R": 47.98521041870117, "PT_L": 31.610868453979492, "PT_R": 27.826526641845703, "IS_L": 41.801795959472656, "IS_R": 41.60570526123047, "PSIS_L": 24.043271431834892, "PSIS_R": 23.869550219747936}, "s0235": {"Dice": 0.5999076962471008, "ASIS_L": 17.441354751586914, "ASIS_R": 11.825079917907715, "PT_L": 9.366928100585938, "PT_R": 10.12919807434082, "IS_L": 26.462520599365234, "IS_R": 22.29644012451172, "PSIS_L": 6.735424041748047, "PSIS_R": 11.049195289611816}, "s0244": {"Dice": 0.6018878817558289, "ASIS_L": 6.009282112121582, "ASIS_R": 9.980300903320312, "PT_L": 4.205249786376953, "PT_R": 1.463854432106018, "IS_L": 24.749080657958984, "IS_R": 9.47703742980957, "PSIS_L": 4.473038673400879, "PSIS_R": 8.12354564666748}, "s0505": {"Dice": 0.668047308921814, "ASIS_L": 10.481820106506348, "ASIS_R": 2.693488359451294, "PT_L": 3.244429111480713, "PT_R": 7.377923011779785, "IS_L": 3.8354403972625732, "IS_R": 1.69916832447052, "PSIS_L": 23.166407495403078, "PSIS_R": 22.0069986399324}, "s1414": {"Dice": 0.6052103042602539, "ASIS_L": 7.49965763092041, "ASIS_R": 4.673850059509277, "PT_L": 7.860920429229736, "PT_R": 3.393993377685547, "IS_L": 19.027746200561523, "IS_R": 0.9534450769424438, "PSIS_L": 2.312021493911743, "PSIS_R": 6.662566184997559}, "s1423": {"Dice": 0.6935568451881409, "ASIS_L": 25.666709899902344, "ASIS_R": 8.39393138885498, "PT_L": 1.8523638248443604, "PT_R": 1.6919959783554077, "IS_L": 10.490904808044434, "IS_R": 10.567994117736816, "PSIS_L": 41.38095736291348, "PSIS_R": 40.02177593811954}, "s0029": {"Dice": 0.5242804884910583, "ASIS_L": 9.834301948547363, "ASIS_R": 6.103005409240723, "PT_L": 5.941812515258789, "PT_R": 4.840181827545166, "IS_L": 18.81342887878418, "IS_R": 17.708110809326172, "PSIS_L": 0.0, "PSIS_R": 0.0}, "s0038": {"Dice": 0.6771438717842102, "ASIS_L": 6.662301540374756, "ASIS_R": 9.282590866088867, "PT_L": 8.732627868652344, "PT_R": 3.1883041858673096, "IS_L": 5.65899133682251, "IS_R": 21.44036102294922, "PSIS_L": 25.445594769383327, "PSIS_R": 23.490726408059277}, "s0119": {"Dice": 0.6270604729652405, "ASIS_L": 54.4604606628418, "ASIS_R": 52.35807800292969, "PT_L": 36.29548263549805, "PT_R": 36.43555450439453, "IS_L": 44.53581619262695, "IS_R": 51.295719146728516, "PSIS_L": 55.90520477294922, "PSIS_R": 52.22490310668945}, "s0236": {"Dice": 0.6287555694580078, "ASIS_L": 6.454387187957764, "ASIS_R": 4.283602237701416, "PT_L": 9.669455528259277, "PT_R": 9.034636497497559, "IS_L": 16.70883560180664, "IS_R": 10.698410034179688, "PSIS_L": 23.928739259260812, "PSIS_R": 25.545491672212183}, "s0506": {"Dice": 0.6427764296531677, "ASIS_L": 9.707467079162598, "ASIS_R": 12.939591407775879, "PT_L": 7.43161678314209,