{"s0013": {"Dice": 0.8188238739967346, "ASIS_L": 3.540581226348877, "ASIS_R": 6.736580848693848, "PT_L": 5.225732326507568, "PT_R": 7.225678443908691, "IS_L": 6.212102890014648, "IS_R": 5.838467597961426, "PSIS_L": 5.101625442504883, "PSIS_R": 7.1814703941345215}, "s0040": {"Dice": 0.8339076638221741, "ASIS_L": 1.5312738418579102, "ASIS_R": 2.3589706420898438, "PT_L": 2.912992000579834, "PT_R": 2.427298069000244, "IS_L": 1.3675568103790283, "IS_R": 3.8420333862304688, "PSIS_L": 5.367407321929932, "PSIS_R": 5.4631452560424805}, "s0311": {"Dice": 0.8503962159156799, "ASIS_L": 3.6380503177642822, "ASIS_R": 4.36326265335083, "PT_L": 4.707381725311279, "PT_R": 4.602719306945801, "IS_L": 1.9999547004699707, "IS_R": 5.812301158905029, "PSIS_L": 5.080572605133057, "PSIS_R": 2.874603271484375}, "s1212": {"Dice": 0.7815508842468262, "ASIS_L": 6.063005447387695, "ASIS_R": 4.731139659881592, "PT_L": 8.5871000289917, "PT_R": 7.455753803253174, "IS_L": 9.554939270019531, "IS_R": 8.713088989257812, "PSIS_L": 33.849101438091395, "PSIS_R": 33.281963305199035}, "s1240": {"Dice": 0.3749260902404785, "ASIS_L": 9.770964622497559, "ASIS_R": 10.106194496154785, "PT_L": 15.947486877441406, "PT_R": 9.430679321289062, "IS_L": 9.459178924560547, "IS_R": 20.736766815185547, "PSIS_L": 4.649167537689209, "PSIS_R": 7.919249057769775}, "s1411": {"Dice": 0.8408398032188416, "ASIS_L": 3.0405988693237305, "ASIS_R": 1.6820454597473145, "PT_L": 2.8322508335113525, "PT_R": 4.245582580566406, "IS_L": 12.992411613464355, "IS_R": 13.540719032287598, "PSIS_L": 3.822316884994507, "PSIS_R": 2.1653032302856445}, "s0440": {"Dice": 0.7900198101997375, "ASIS_L": 6.161891460418701, "ASIS_R": 6.926280975341797, "PT_L": 3.8934202194213867, "PT_R": 5.5581793785095215, "IS_L": 4.009348392486572, "IS_R": 1.4230341911315918, "PSIS_L": 0.9188880324363708, "PSIS_R": 3.1876587867736816}, "s1322": {"Dice": 0.8612918853759766, "ASIS_L": 2.4655239582061768, "ASIS_R": 1.6177945137023926, "PT_L": 6.947839736938477, "PT_R": 7.473088264465332, "IS_L": 5.261765956878662, "IS_R": 4.45788049697876, "PSIS_L": 3.7663943767547607, "PSIS_R": 5.541182994842529}, "s1412": {"Dice": 0.63863205909729, "ASIS_L": 16.191787719726562, "ASIS_R": 21.37645721435547, "PT_L": 3.569802761077881, "PT_R": 4.3908915519714355, "IS_L": 4.036189556121826, "IS_R": 4.786086082458496, "PSIS_L": 7.643931865692139, "PSIS_R": 3.6906657218933105}, "s0423": {"Dice": 0.7720286250114441, "ASIS_L": 2.402428150177002, "ASIS_R": 2.9790806770324707, "PT_L": 1.3984788656234741, "PT_R": 1.7155596017837524, "IS_L": 2.8102025985717773, "IS_R": 1.9601612091064453, "PSIS_L": 24.03616430424363, "PSIS_R": 23.405366043328723}, "s0441": {"Dice": 0.8518887162208557, "ASIS_L": 3.5612287521362305, "ASIS_R": 3.401515007019043, "PT_L": 2.268470048904419, "PT_R": 3.4279143810272217, "IS_L": 2.4162495136260986, "IS_R": 4.146820068359375, "PSIS_L": 4.98401403427124, "PSIS_R": 5.75466775894165}, "s0450": {"Dice": 0.8383579254150391, "ASIS_L": 4.313813209533691, "ASIS_R": 2.9498283863067627, "PT_L": 5.256255626678467, "PT_R": 11.716409683227539, "IS_L": 2.9093189239501953, "IS_R": 7.600924015045166, "PSIS_L": 2.809950351715088, "PSIS_R": 2.653069257736206}, "s1053": {"Dice": 0.42579466104507446, "ASIS_L": 55.148773193359375, "ASIS_R": 52.3876838684082, "PT_L": 59.204139709472656, "PT_R": 47.817344665527344, "IS_L": 40.435115814208984, "IS_R": 51.732269287109375, "PSIS_L": 33.53442364884378, "PSIS_R": 38.66215428311986}, "s1152": {"Dice": 0.7041568756103516, "ASIS_L": 3.8548429012298584, "ASIS_R": 6.059848785400391, "PT_L": 3.22804856300354, "PT_R": 3.7054283618927, "IS_L": 7.019132614135742, "IS_R": 5.504951477050781, "PSIS_L": 11.170024871826172, "PSIS_R": 6.640048980712891}, "s1413": {"Dice": 0.7791225910186768, "ASIS_L": 4.266005992889404, "ASIS_R": 3.655531644821167, "PT_L": 14.71523380279541, "PT_R": 6.710592269897461, "IS_L": 25.782798767089844, "IS_R": 12.501999855041504, "PSIS_L": 4.095682621002197, "PSIS_R": 4.476162910461426}, "s1422": {"Dice": 0.7579706907272339, "ASIS_L": 1.9847681522369385, "ASIS_R": 9.192136764526367, "PT_L": 3.055140733718872, "PT_R": 3.133829116821289, "IS_L": 3.178861618041992, "IS_R": 3.304152250289917, "PSIS_L": 1.390305519104004, "PSIS_R": 2.7230873107910156}, "s0235": {"Dice": 0.8438746929168701, "ASIS_L": 2.147934675216675, "ASIS_R": 0.8048506379127502, "PT_L": 4.203607082366943, "PT_R": 2.5384671688079834, "IS_L": 6.206109523773193, "IS_R": 2.7590413093566895, "PSIS_L": 18.549959182739258, "PSIS_R": 25.498537063598633}, "s0244": {"Dice": 0.8047709465026855, "ASIS_L": 0.7447577714920044, "ASIS_R": 5.9371232986450195, "PT_L": 6.887693405151367, "PT_R": 3.1986796855926514, "IS_L": 2.374779462814331, "IS_R": 2.0341501235961914, "PSIS_L": 2.843083143234253, "PSIS_R": 8.32995319366455}, "s0505": {"Dice": 0.8280751705169678, "ASIS_L": 12.707732200622559, "ASIS_R": 6.028125286102295, "PT_L": 2.391540288925171, "PT_R": 5.516820430755615, "IS_L": 2.151604652404785, "IS_R": 2.281297206878662, "PSIS_L": 26.717595339226335, "PSIS_R": 26.196988545299387}, "s1414": {"Dice": 0.7957984209060669, "ASIS_L": 2.6995599269866943, "ASIS_R": 4.781063079833984, "PT_L": 3.282410144805908, "PT_R": 9.648614883422852, "IS_L": 4.59515380859375, "IS_R": 2.683216094970703, "PSIS_L": 2.516866445541382, "PSIS_R": 1.737992286682129}, "s1423": {"Dice": 0.8055559396743774, "ASIS_L": 4.6523051261901855, "ASIS_R": 1.248350739479065, "PT_L": 2.3369176387786865, "PT_R": 2.8503262996673584, "IS_L": 7.463939189910889, "IS_R": 2.6296470165252686, "PSIS_L": 31.467510223388672, "PSIS_R": 18.209123611450195}, "s0029": {"Dice": 0.729254424571991, "ASIS_L": 1.2821056842803955, "ASIS_R": 4.154900074005127, "PT_L": 8.019087791442871, "PT_R": 7.462818622589111, "IS_L": 11.94876480102539, "IS_R": 5.802461624145508, "PSIS_L": 0.0, "PSIS_R": 0.0}, "s0038": {"Dice": 0.8204756379127502, "ASIS_L": 4.372731685638428, "ASIS_R": 2.531813144683838, "PT_L": 6.192732810974121, "PT_R": 3.579970598220825, "IS_L": 1.787628173828125, "IS_R": 1.3635855913162231, "PSIS_L": 2.7326483726501465, "PSIS_R": 0.5450716018676758}, "s0119": {"Dice": 0.7937757968902588, "ASIS_L": 1.4740623235702515, "ASIS_R": 2.6453285217285156, "PT_L": 2.148514747619629, "PT_R": 2.7394700050354004, "IS_L": 8.435914993286133, "IS_R": 6.381337642669678, "PSIS_L": 1.0993467569351196, "PSIS_R": 0.7755149602890015}, "s0236": {"Dice": 0.7781376838684082, "ASIS_L": 6.1132941246032715, "ASIS_R": 3.1214137077331543, "PT_L": 3.3582663536071777, "PT_R": 3.193451404571533, "IS_L": 3.9900970458984375, "IS_R": 2.700028419494629, "PSIS_L": 6.804668426513672, "PSIS_R": 3.2202820777893066}, "s0308": {"Dice": 0.8034944534301758, "ASIS_L": 3.936339855194092, "ASIS_R": 4.0569233894348145, "PT_L": 4.332046985626221, "PT_R": 1.9610304832458496, "IS_L": 2.4888322353363037, "IS_R": 3.99058198928833, "PSIS_L": 26.24608566746965, "PSIS_R": 26.257779110919593}, "s1415": {"Dice": 0.5845435261726379, "ASIS_L": 14.102865219116211, "ASIS_R": 8.914583206176758, "PT_L": 8.078646659851074, "PT_R": 9.522991180419922, "IS_L": 11.799398422241211, "IS_R": 9.604212760925293, "PSIS_L": 9.193826675415039, "PSIS_R": 11.271133422851562}, "s0291": {"Dice": 0.796090841293335, "ASIS_L": 3.385852575302124, "ASIS_R": 1.4539194107055664, "PT_L": 3.1739327907562256, "PT_R": 4.957284927368164, "IS_L": 37.376583099365234, "IS_R": 14.876350402832031, "PSIS_L": 5.2587080001831055, "PSIS_R": 3.7036306858062744}, "s1057": {"Dice": 0.7303583025932312, "ASIS_L": 16.272920608520508, "ASIS_R": 4.244753360748291, "PT_L": 5.581993103027344, "PT_R": 1.4358172416687012, "IS_L": 19.325578689575195, "IS_R": 19.0167236328125, "PSIS_L": 4.582237720489502, "PSIS_R": 14.541427612304688}, "s1174": {"Dice": 0.8337192535400391, "ASIS_L": 44.29273986816406, "ASIS_R": 44.56678771972656, "PT_L": 30.578508377075195, "PT_R": 31.071584701538086, "IS_L": 34.75929641723633, "IS_R": 36.96146011352539, "PSIS_L": 32.06541475580503, "PSIS_R": 31.966946891151476}, "s1426": {"Dice": 0.5392207503318787,