{"s0000": {"Dice": 0.5711755156517029, "ASIS_L": 56.457908630371094, "ASIS_R": 91.83557891845703, "PT_L": 42.746498107910156, "PT_R": 22.758262634277344, "IS_L": 85.99518585205078, "IS_R": 51.843746185302734, "PSIS_L": 86.30078887939453, "PSIS_R": 58.70072555541992}, "s0013": {"Dice": 0.7877808213233948, "ASIS_L": 4.960260391235352, "ASIS_R": 8.195575714111328, "PT_L": 3.168041706085205, "PT_R": 8.01415729522705, "IS_L": 7.369867324829102, "IS_R": 13.95190143585205, "PSIS_L": 11.891046524047852, "PSIS_R": 12.939214706420898}, "s0311": {"Dice": 0.8258964419364929, "ASIS_L": 3.946861982345581, "ASIS_R": 3.5546255111694336, "PT_L": 2.5998308658599854, "PT_R": 2.5020930767059326, "IS_L": 3.1344375610351562, "IS_R": 2.2589735984802246, "PSIS_L": 3.71364426612854, "PSIS_R": 3.889582872390747}, "s1212": {"Dice": 0.7414848804473877, "ASIS_L": 9.07640266418457, "ASIS_R": 4.723952770233154, "PT_L": 5.470508098602295, "PT_R": 5.1089253425598145, "IS_L": 4.179848670959473, "IS_R": 3.5483086109161377, "PSIS_L": 4.93479061126709, "PSIS_R": 4.082729339599609}, "s1024": {"Dice": 0.33926185965538025, "ASIS_L": 43.27432632446289, "ASIS_R": 28.2169246673584, "PT_L": 62.606571197509766, "PT_R": 30.363901138305664, "IS_L": 24.647075653076172, "IS_R": 15.34543514251709, "PSIS_L": 0.0, "PSIS_R": 0.0}, "s1240": {"Dice": 0.43747296929359436, "ASIS_L": 15.874970436096191, "ASIS_R": 17.801288604736328, "PT_L": 14.882429122924805, "PT_R": 17.818988800048828, "IS_L": 3.2398767471313477, "IS_R": 7.705336093902588, "PSIS_L": 30.584287643432617, "PSIS_R": 27.539228439331055}, "s1411": {"Dice": 0.7940144538879395, "ASIS_L": 4.669120788574219, "ASIS_R": 2.429600954055786, "PT_L": 6.891500473022461, "PT_R": 8.19074821472168, "IS_L": 6.5814948081970215, "IS_R": 8.165741920471191, "PSIS_L": 3.6680397987365723, "PSIS_R": 2.515357255935669}, "s0440": {"Dice": 0.696108341217041, "ASIS_L": 8.98195743560791, "ASIS_R": 10.673355102539062, "PT_L": 3.591076374053955, "PT_R": 8.317355155944824, "IS_L": 6.710485458374023, "IS_R": 4.417544841766357, "PSIS_L": 25.54627670348581, "PSIS_R": 25.28220359860815}, "s1322": {"Dice": 0.8103329539299011, "ASIS_L": 2.1029086112976074, "ASIS_R": 2.5828630924224854, "PT_L": 3.2172722816467285, "PT_R": 5.327813148498535, "IS_L": 8.374978065490723, "IS_R": 9.085684776306152, "PSIS_L": 0.96783047914505, "PSIS_R": 5.436797618865967}, "s1412": {"Dice": 0.6489766836166382, "ASIS_L": 18.18646240234375, "ASIS_R": 9.232817649841309, "PT_L": 4.0672760009765625, "PT_R": 6.906243324279785, "IS_L": 5.2768425941467285, "IS_R": 2.2322354316711426, "PSIS_L": 28.47512641638286, "PSIS_R": 28.955445555723877}, "s0045": {"Dice": 0.7931985259056091, "ASIS_L": 3.694915771484375, "ASIS_R": 10.174373626708984, "PT_L": 1.7115213871002197, "PT_R": 6.203231334686279, "IS_L": 1.8016963005065918, "IS_R": 7.346738338470459, "PSIS_L": 5.331891059875488, "PSIS_R": 7.457757472991943}, "s0216": {"Dice": 0.7291058301925659, "ASIS_L": 4.014161586761475, "ASIS_R": 4.869095325469971, "PT_L": 5.133350372314453, "PT_R": 4.793311595916748, "IS_L": 12.230669975280762, "IS_R": 13.330704689025879, "PSIS_L": 1.4846305847167969, "PSIS_R": 3.149597644805908}, "s0324": {"Dice": 0.6040498614311218, "ASIS_L": 91.51033020019531, "ASIS_R": 72.37177276611328, "PT_L": 47.1906623840332, "PT_R": 49.72993087768555, "IS_L": 53.531654357910156, "IS_R": 79.44342803955078, "PSIS_L": 80.77037811279297, "PSIS_R": 84.48432922363281}, "s0423": {"Dice": 0.7275539040565491, "ASIS_L": 3.4833812713623047, "ASIS_R": 4.560749053955078, "PT_L": 3.2511849403381348, "PT_R": 4.323875904083252, "IS_L": 2.2740955352783203, "IS_R": 1.8228603601455688, "PSIS_L": 24.124800236167488, "PSIS_R": 24.7786317575546}, "s0441": {"Dice": 0.7762700915336609, "ASIS_L": 4.686049938201904, "ASIS_R": 3.548096179962158, "PT_L": 3.7578494548797607, "PT_R": 2.770406723022461, "IS_L": 1.6631118059158325, "IS_R": 3.567702054977417, "PSIS_L": 9.856557846069336, "PSIS_R": 3.9369139671325684}, "s0450": {"Dice": 0.8041629791259766, "ASIS_L": 4.179510116577148, "ASIS_R": 4.422091007232666, "PT_L": 6.4417572021484375, "PT_R": 9.295942306518555, "IS_L": 6.964667797088623, "IS_R": 6.379052639007568, "PSIS_L": 5.859921455383301, "PSIS_R": 6.611069679260254}, "s1152": {"Dice": 0.6725878715515137, "ASIS_L": 3.0869948863983154, "ASIS_R": 5.382704734802246, "PT_L": 3.1618082523345947, "PT_R": 5.617204666137695, "IS_L": 37.04684066772461, "IS_R": 32.89371109008789, "PSIS_L": 30.11614929557363, "PSIS_R": 29.512230140571894}, "s1161": {"Dice": 0.6053444147109985, "ASIS_L": 17.138046264648438, "ASIS_R": 4.469536304473877, "PT_L": 8.238873481750488, "PT_R": 4.724850654602051, "IS_L": 12.791635513305664, "IS_R": 10.410574913024902, "PSIS_L": 7.035445690155029, "PSIS_R": 17.609773635864258}, "s1233": {"Dice": 0.6740438342094421, "ASIS_L": 1.2348155975341797, "ASIS_R": 15.33173942565918, "PT_L": 2.1178853511810303, "PT_R": 5.471360683441162, "IS_L": 14.230301856994629, "IS_R": 3.6227283477783203, "PSIS_L": 6.001903057098389, "PSIS_R": 1.7534061670303345}, "s1413": {"Dice": 0.7525841593742371, "ASIS_L": 64.44971466064453, "ASIS_R": 62.4378776550293, "PT_L": 44.76314926147461, "PT_R": 42.907020568847656, "IS_L": 49.549468994140625, "IS_R": 50.87014389038086, "PSIS_L": 68.054443359375, "PSIS_R": 62.8054084777832}, "s1422": {"Dice": 0.7347294688224792, "ASIS_L": 2.5055606365203857, "ASIS_R": 6.080303192138672, "PT_L": 3.1825664043426514, "PT_R": 3.6937222480773926, "IS_L": 3.123837947845459, "IS_R": 4.451571941375732, "PSIS_L": 2.2142486572265625, "PSIS_R": 2.145862579345703}, "s0235": {"Dice": 0.8035030961036682, "ASIS_L": 6.7248029708862305, "ASIS_R": 5.88150691986084, "PT_L": 8.143903732299805, "PT_R": 6.378579616546631, "IS_L": 5.422684669494629, "IS_R": 27.460289001464844, "PSIS_L": 17.860429763793945, "PSIS_R": 29.4434871673584}, "s0244": {"Dice": 0.7859849333763123, "ASIS_L": 1.9105550050735474, "ASIS_R": 5.346331596374512, "PT_L": 4.489877700805664, "PT_R": 3.7384350299835205, "IS_L": 2.5445384979248047, "IS_R": 0.995146632194519, "PSIS_L": 6.216373920440674, "PSIS_R": 8.21939754486084}, "s0505": {"Dice": 0.7612492442131042, "ASIS_L": 61.99385452270508, "ASIS_R": 63.28254699707031, "PT_L": 42.42557907104492, "PT_R": 47.866573333740234, "IS_L": 49.9682502746582, "IS_R": 50.82701873779297, "PSIS_L": 66.57878875732422, "PSIS_R": 65.40730285644531}, "s1414": {"Dice": 0.7465986609458923, "ASIS_L": 4.585940361022949, "ASIS_R": 3.4885613918304443, "PT_L": 4.606795787811279, "PT_R": 3.264939546585083, "IS_L": 5.8979997634887695, "IS_R": 3.6264259815216064, "PSIS_L": 6.107069969177246, "PSIS_R": 7.024421691894531}, "s1423": {"Dice": 0.7895295023918152, "ASIS_L": 67.25985717773438, "ASIS_R": 68.59803771972656, "PT_L": 42.568565368652344, "PT_R": 41.32781219482422, "IS_L": 72.40167236328125, "IS_R": 69.02083587646484, "PSIS_L": 76.56549072265625, "PSIS_R": 71.14405822753906}, "s0029": {"Dice": 0.7121649980545044, "ASIS_L": 1.6186277866363525, "ASIS_R": 2.9394402503967285, "PT_L": 4.28065824508667, "PT_R": 5.373179912567139, "IS_L": 20.155424118041992, "IS_R": 19.844606399536133, "PSIS_L": 23.567274917584257, "PSIS_R": 24.37217862639905}, "s0038": {"Dice": 0.7776646018028259, "ASIS_L": 5.26005220413208, "ASIS_R": 4.828535079956055, "PT_L": 5.224932670593262, "PT_R": 4.293537139892578, "IS_L": 8.18847370147705, "IS_R": 8.41213607788086, "PSIS_L": 4.5499653816223145, "PSIS_R": 3.2450125217437744}, "s0119": {"Dice": 0.7581333518028259, "ASIS_L": 68.40750122070312, "ASIS_R": 65.55500793457031, "PT_L": 36.62571334838867, "PT_R": 46.13072967529297, "IS_L": 53.89971923828125, "IS_R": 55.273345947265625, "PSIS_L": 69.21073913574219, "PSIS_R": 64.08940124511719}, "s0236": {"Dice": 0.7514623403549194, "ASIS_L": 3.5167951583862305, "ASIS_R": 7.614298343658447, "PT_L": 6.438198566436768, "PT_R": 6.527652263641357, "IS_L": 4.692805767059326, "IS_R": 3.0015885829925537, "PSIS_L": 8.51192855834961, "PSIS_R": 4.084086894989014}, "s0308": {"Dice": 0.7681558728218079, "ASIS_L": 55.93971252441406,