{"s0000": {"Dice": 0.48899033665657043, "ASIS_L": 60.62155532836914, "ASIS_R": 86.57844543457031, "PT_L": 42.916202545166016, "PT_R": 48.74770736694336, "IS_L": 44.01329803466797, "IS_R": 44.92267608642578, "PSIS_L": 0.0, "PSIS_R": 0.0}, "s0013": {"Dice": 0.7355356812477112, "ASIS_L": 10.247831344604492, "ASIS_R": 9.838074684143066, "PT_L": 3.3848838806152344, "PT_R": 3.4818124771118164, "IS_L": 32.91968536376953, "IS_R": 25.276473999023438, "PSIS_L": 5.506776809692383, "PSIS_R": 6.836682319641113}, "s0040": {"Dice": 0.737570583820343, "ASIS_L": 5.525478839874268, "ASIS_R": 7.359527587890625, "PT_L": 2.6913959980010986, "PT_R": 1.005271553993225, "IS_L": 1.6425532102584839, "IS_R": 1.885933756828308, "PSIS_L": 22.047787461492312, "PSIS_R": 22.61063925547842}, "s0311": {"Dice": 0.7331812381744385, "ASIS_L": 5.268654823303223, "ASIS_R": 8.980233192443848, "PT_L": 8.919724464416504, "PT_R": 6.468788146972656, "IS_L": 7.003445625305176, "IS_R": 7.269693851470947, "PSIS_L": 29.609845453381585, "PSIS_R": 33.32050980084322}, "s1212": {"Dice": 0.6455708146095276, "ASIS_L": 7.979278087615967, "ASIS_R": 9.507387161254883, "PT_L": 10.42888069152832, "PT_R": 7.39919900894165, "IS_L": 23.695913314819336, "IS_R": 31.065406799316406, "PSIS_L": 6.533241271972656, "PSIS_R": 6.062281608581543}, "s1024": {"Dice": 0.32329925894737244, "ASIS_L": 70.24018859863281, "ASIS_R": 59.5268440246582, "PT_L": 62.80848693847656, "PT_R": 41.05249786376953, "IS_L": 28.907079696655273, "IS_R": 23.329965591430664, "PSIS_L": 0.0, "PSIS_R": 0.0}, "s1411": {"Dice": 0.6996947526931763, "ASIS_L": 8.768271446228027, "ASIS_R": 5.540772914886475, "PT_L": 2.7445156574249268, "PT_R": 8.556827545166016, "IS_L": 29.869873046875, "IS_R": 6.200240612030029, "PSIS_L": 5.747900485992432, "PSIS_R": 8.994388580322266}, "s0440": {"Dice": 0.6378581523895264, "ASIS_L": 8.884283065795898, "ASIS_R": 14.241352081298828, "PT_L": 4.6701836585998535, "PT_R": 7.120083332061768, "IS_L": 3.8840787410736084, "IS_R": 3.9278512001037598, "PSIS_L": 23.203341521341997, "PSIS_R": 23.33463059586291}, "s1223": {"Dice": 0.7382850050926208, "ASIS_L": 49.06303405761719, "ASIS_R": 55.5955696105957, "PT_L": 33.10316467285156, "PT_R": 31.30414390563965, "IS_L": 62.65735626220703, "IS_R": 63.21985626220703, "PSIS_L": 50.9347038269043, "PSIS_R": 49.702762603759766}, "s1322": {"Dice": 0.7576366066932678, "ASIS_L": 6.255091667175293, "ASIS_R": 10.419461250305176, "PT_L": 9.551548957824707, "PT_R": 3.9210004806518555, "IS_L": 27.56148338317871, "IS_R": 23.410781860351562, "PSIS_L": 9.139150619506836, "PSIS_R": 5.717780113220215}, "s1412": {"Dice": 0.5171105265617371, "ASIS_L": 64.34791564941406, "ASIS_R": 71.40448760986328, "PT_L": 53.71341323852539, "PT_R": 45.20899963378906, "IS_L": 43.98320007324219, "IS_R": 49.332027435302734, "PSIS_L": 66.6750717163086, "PSIS_R": 47.29296112060547}, "s0045": {"Dice": 0.7686872482299805, "ASIS_L": 6.470254898071289, "ASIS_R": 7.692417621612549, "PT_L": 4.3333210945129395, "PT_R": 7.446284294128418, "IS_L": 22.969463348388672, "IS_R": 27.594266891479492, "PSIS_L": 1.5674165487289429, "PSIS_R": 3.460453987121582}, "s0216": {"Dice": 0.6477934122085571, "ASIS_L": 71.20951080322266, "ASIS_R": 69.26648712158203, "PT_L": 50.49619674682617, "PT_R": 46.46285629272461, "IS_L": 68.8769302368164, "IS_R": 44.214385986328125, "PSIS_L": 31.744593025829623, "PSIS_R": 30.10819838305226}, "s0324": {"Dice": 0.4643855094909668, "ASIS_L": 79.01206970214844, "ASIS_R": 83.43968963623047, "PT_L": 41.88523483276367, "PT_R": 45.82394027709961, "IS_L": 57.47298812866211, "IS_R": 48.968936920166016, "PSIS_L": 52.929264068603516, "PSIS_R": 44.761932373046875}, "s0423": {"Dice": 0.6832485795021057, "ASIS_L": 4.586045265197754, "ASIS_R": 3.556245803833008, "PT_L": 4.813442707061768, "PT_R": 4.8819732666015625, "IS_L": 2.4412901401519775, "IS_R": 20.336673736572266, "PSIS_L": 24.71073184288275, "PSIS_R": 23.88642074610728}, "s0441": {"Dice": 0.7215063571929932, "ASIS_L": 6.860134124755859, "ASIS_R": 7.488024711608887, "PT_L": 9.718173027038574, "PT_R": 6.516024112701416, "IS_L": 3.9136264324188232, "IS_R": 22.70020866394043, "PSIS_L": 29.404638915045435, "PSIS_R": 28.116295292579476}, "s0450": {"Dice": 0.6858198046684265, "ASIS_L": 87.91609954833984, "ASIS_R": 84.23282623291016, "PT_L": 85.15568542480469, "PT_R": 84.64354705810547, "IS_L": 72.6038818359375, "IS_R": 82.5201644897461, "PSIS_L": 39.09114767105941, "PSIS_R": 42.65105704261017}, "s1053": {"Dice": 0.25745418667793274, "ASIS_L": 54.54778289794922, "ASIS_R": 27.993213653564453, "PT_L": 30.69231414794922, "PT_R": 26.649341583251953, "IS_L": 31.091354370117188, "IS_R": 30.244905471801758, "PSIS_L": 0.0, "PSIS_R": 0.0}, "s1161": {"Dice": 0.5507454872131348, "ASIS_L": 15.204547882080078, "ASIS_R": 12.234033584594727, "PT_L": 16.904197692871094, "PT_R": 20.3471736907959, "IS_L": 20.958179473876953, "IS_R": 8.673233985900879, "PSIS_L": 12.756773948669434, "PSIS_R": 15.014643669128418}, "s1233": {"Dice": 0.6808967590332031, "ASIS_L": 0.8331853151321411, "ASIS_R": 7.539216995239258, "PT_L": 4.058175563812256, "PT_R": 2.844684362411499, "IS_L": 3.1191136837005615, "IS_R": 3.1337907314300537, "PSIS_L": 23.893824066987452, "PSIS_R": 22.239974593593764}, "s1413": {"Dice": 0.6809473037719727, "ASIS_L": 63.672569274902344, "ASIS_R": 62.87491226196289, "PT_L": 36.040889739990234, "PT_R": 35.78022766113281, "IS_L": 45.702125549316406, "IS_R": 55.85392761230469, "PSIS_L": 52.120670318603516, "PSIS_R": 67.14075469970703}, "s1422": {"Dice": 0.6814242601394653, "ASIS_L": 4.839976787567139, "ASIS_R": 14.83890151977539, "PT_L": 4.564455032348633, "PT_R": 7.293403625488281, "IS_L": 24.749265670776367, "IS_R": 26.80400848388672, "PSIS_L": 3.454174280166626, "PSIS_R": 5.177180290222168}, "s0235": {"Dice": 0.7301439642906189, "ASIS_L": 6.816619873046875, "ASIS_R": 11.115010261535645, "PT_L": 10.880346298217773, "PT_R": 10.664019584655762, "IS_L": 13.280399322509766, "IS_R": 13.633849143981934, "PSIS_L": 35.65334749393388, "PSIS_R": 41.868255093776675}, "s0244": {"Dice": 0.6972675919532776, "ASIS_L": 7.066890716552734, "ASIS_R": 10.273486137390137, "PT_L": 4.480871677398682, "PT_R": 3.369398832321167, "IS_L": 35.21962356567383, "IS_R": 25.602231979370117, "PSIS_L": 6.751760959625244, "PSIS_R": 8.210200309753418}, "s0505": {"Dice": 0.7190709114074707, "ASIS_L": 10.704805374145508, "ASIS_R": 6.4946980476379395, "PT_L": 2.3230154514312744, "PT_R": 9.541234970092773, "IS_L": 24.86325454711914, "IS_R": 24.579710006713867, "PSIS_L": 26.909209566858202, "PSIS_R": 26.31247093395204}, "s1414": {"Dice": 0.6883009672164917, "ASIS_L": 6.865379333496094, "ASIS_R": 0.826762855052948, "PT_L": 8.3892183303833, "PT_R": 10.896904945373535, "IS_L": 26.712175369262695, "IS_R": 4.5156168937683105, "PSIS_L": 6.359370708465576, "PSIS_R": 2.840545415878296}, "s1423": {"Dice": 0.7290929555892944, "ASIS_L": 65.18348693847656, "ASIS_R": 69.57853698730469, "PT_L": 40.43791198730469, "PT_R": 41.42060470581055, "IS_L": 82.56327819824219, "IS_R": 76.21861267089844, "PSIS_L": 52.979380184458705, "PSIS_R": 51.04774477873596}, "s0029": {"Dice": 0.6581785678863525, "ASIS_L": 50.02261734008789, "ASIS_R": 50.08270263671875, "PT_L": 37.46452713012695, "PT_R": 36.85295486450195, "IS_L": 39.08707809448242, "IS_R": 37.411624908447266, "PSIS_L": 37.377438212187805, "PSIS_R": 38.94222405738234}, "s0038": {"Dice": 0.7107536196708679, "ASIS_L": 5.35048770904541, "ASIS_R": 5.651553630828857, "PT_L": 4.428234577178955, "PT_R": 2.482052803039551, "IS_L": 27.482561111450195, "IS_R": 29.903139114379883, "PSIS_L": 5.954541206359863, "PSIS_R": 7.1439104080200195}, "s0119": {"Dice": 0.7210769653320312, "ASIS_L": 64.48695373535156, "ASIS_R": 66.79537200927734, "PT_L": 53.51948547363281, "PT_R": 51.69585037231445, "IS_L": 50.44226837158203, "IS_R": 48.22130584716797, "PSIS_L": 58.80772399902344, "PSIS_R": 47.089046478271484}, "s0236": {"Dice": 0.695716917514801, "ASIS_L": 7.11857795715332, "ASIS_R": 3.0658085346221924, "PT_L": 5.4607086181640625,