{"s0013": {"Dice": 0.7712512016296387, "ASIS_L": 4.577718734741211, "ASIS_R": 7.038087368011475, "PT_L": 6.2803521156311035, "PT_R": 5.135167598724365, "IS_L": 5.991704940795898, "IS_R": 6.328642845153809, "PSIS_L": 3.3568835258483887, "PSIS_R": 5.924461841583252}, "s0040": {"Dice": 0.7828728556632996, "ASIS_L": 2.851165294647217, "ASIS_R": 2.136281728744507, "PT_L": 3.7049033641815186, "PT_R": 2.535893440246582, "IS_L": 2.569868803024292, "IS_R": 3.2599146366119385, "PSIS_L": 0.4273934066295624, "PSIS_R": 2.4788334369659424}, "s0311": {"Dice": 0.8300816416740417, "ASIS_L": 1.1697189807891846, "ASIS_R": 1.2915871143341064, "PT_L": 2.727024555206299, "PT_R": 3.89804744720459, "IS_L": 2.1847970485687256, "IS_R": 6.226433753967285, "PSIS_L": 6.1644086837768555, "PSIS_R": 2.269395351409912}, "s1212": {"Dice": 0.7246133685112, "ASIS_L": 4.634328365325928, "ASIS_R": 9.963455200195312, "PT_L": 6.017099857330322, "PT_R": 13.777509689331055, "IS_L": 5.124995708465576, "IS_R": 3.216425657272339, "PSIS_L": 8.988115310668945, "PSIS_R": 5.083484172821045}, "s1411": {"Dice": 0.7733917236328125, "ASIS_L": 2.0310781002044678, "ASIS_R": 2.255429744720459, "PT_L": 2.4334545135498047, "PT_R": 2.2198383808135986, "IS_L": 2.1880857944488525, "IS_R": 2.1738619804382324, "PSIS_L": 2.8451874256134033, "PSIS_R": 4.5793538093566895}, "s0440": {"Dice": 0.6981472373008728, "ASIS_L": 6.290532112121582, "ASIS_R": 7.510302543640137, "PT_L": 6.314128875732422, "PT_R": 5.741090774536133, "IS_L": 4.147553443908691, "IS_R": 4.208030700683594, "PSIS_L": 24.80202455784475, "PSIS_R": 25.5659552014358}, "s1322": {"Dice": 0.7903284430503845, "ASIS_L": 2.22558331489563, "ASIS_R": 3.070270538330078, "PT_L": 1.7926470041275024, "PT_R": 0.8271676898002625, "IS_L": 8.800520896911621, "IS_R": 9.607738494873047, "PSIS_L": 2.1448750495910645, "PSIS_R": 4.177964687347412}, "s1412": {"Dice": 0.5878052115440369, "ASIS_L": 12.145432472229004, "ASIS_R": 5.90374755859375, "PT_L": 6.509001731872559, "PT_R": 5.6702070236206055, "IS_L": 6.470095634460449, "IS_R": 9.955995559692383, "PSIS_L": 27.847340507595888, "PSIS_R": 27.53301943068094}, "s0045": {"Dice": 0.7883031368255615, "ASIS_L": 2.1150403022766113, "ASIS_R": 4.300488471984863, "PT_L": 5.014680862426758, "PT_R": 2.3622994422912598, "IS_L": 2.572528839111328, "IS_R": 3.6156392097473145, "PSIS_L": 5.155805587768555, "PSIS_R": 8.692756652832031}, "s0216": {"Dice": 0.7064840197563171, "ASIS_L": 3.021829843521118, "ASIS_R": 7.192879676818848, "PT_L": 7.858785152435303, "PT_R": 4.100590705871582, "IS_L": 11.15339469909668, "IS_R": 5.112103462219238, "PSIS_L": 0.7588345408439636, "PSIS_R": 2.080695867538452}, "s0324": {"Dice": 0.5150467157363892, "ASIS_L": 6.930690288543701, "ASIS_R": 11.726786613464355, "PT_L": 26.63616943359375, "PT_R": 7.995133399963379, "IS_L": 30.373157501220703, "IS_R": 27.266475677490234, "PSIS_L": 9.404428482055664, "PSIS_R": 6.154393672943115}, "s0423": {"Dice": 0.7208673357963562, "ASIS_L": 3.154866933822632, "ASIS_R": 3.899695634841919, "PT_L": 3.4631705284118652, "PT_R": 1.3301359415054321, "IS_L": 19.0679931640625, "IS_R": 17.170940399169922, "PSIS_L": 23.55573157934619, "PSIS_R": 22.06125763431315}, "s0441": {"Dice": 0.7799170613288879, "ASIS_L": 0.8205222487449646, "ASIS_R": 2.075800657272339, "PT_L": 3.0675923824310303, "PT_R": 4.289721488952637, "IS_L": 4.988452911376953, "IS_R": 4.15632963180542, "PSIS_L": 6.3159356117248535, "PSIS_R": 2.2140536308288574}, "s0450": {"Dice": 0.7671694755554199, "ASIS_L": 2.808513879776001, "ASIS_R": 5.285933017730713, "PT_L": 7.690014362335205, "PT_R": 12.457075119018555, "IS_L": 11.860538482666016, "IS_R": 7.59796667098999, "PSIS_L": 39.034311940668736, "PSIS_R": 40.295136202393714}, "s1161": {"Dice": 0.5382678508758545, "ASIS_L": 24.962839126586914, "ASIS_R": 25.92930793762207, "PT_L": 22.18303680419922, "PT_R": 21.597429275512695, "IS_L": 23.840476989746094, "IS_R": 25.283205032348633, "PSIS_L": 22.68678389159824, "PSIS_R": 30.040528841261576}, "s1233": {"Dice": 0.7158929705619812, "ASIS_L": 4.775215148925781, "ASIS_R": 5.129422664642334, "PT_L": 5.400300025939941, "PT_R": 7.443531513214111, "IS_L": 2.8877391815185547, "IS_R": 3.759570598602295, "PSIS_L": 3.4044835567474365, "PSIS_R": 3.3300843238830566}, "s1413": {"Dice": 0.765034019947052, "ASIS_L": 66.72359466552734, "ASIS_R": 64.7505111694336, "PT_L": 43.8463134765625, "PT_R": 41.967899322509766, "IS_L": 54.335609436035156, "IS_R": 53.37233352661133, "PSIS_L": 69.32706451416016, "PSIS_R": 59.09123992919922}, "s1422": {"Dice": 0.7322371006011963, "ASIS_L": 3.130615472793579, "ASIS_R": 9.161214828491211, "PT_L": 6.618996620178223, "PT_R": 5.693756580352783, "IS_L": 1.6702882051467896, "IS_R": 27.640796661376953, "PSIS_L": 29.761742613179347, "PSIS_R": 29.5280856748594}, "s0235": {"Dice": 0.796049952507019, "ASIS_L": 3.886420488357544, "ASIS_R": 3.591257095336914, "PT_L": 7.078493118286133, "PT_R": 4.906162261962891, "IS_L": 4.3900556564331055, "IS_R": 5.630139350891113, "PSIS_L": 18.40831756591797, "PSIS_R": 28.531930923461914}, "s0244": {"Dice": 0.7808221578598022, "ASIS_L": 75.62442016601562, "ASIS_R": 78.06304168701172, "PT_L": 58.09825897216797, "PT_R": 53.7732048034668, "IS_L": 55.66838455200195, "IS_R": 58.06156921386719, "PSIS_L": 83.0933609008789, "PSIS_R": 81.02362823486328}, "s0505": {"Dice": 0.7624855637550354, "ASIS_L": 61.93642044067383, "ASIS_R": 64.81829071044922, "PT_L": 46.35399627685547, "PT_R": 49.55256652832031, "IS_L": 47.82103729248047, "IS_R": 55.266357421875, "PSIS_L": 26.20862086707337, "PSIS_R": 25.92787190467211}, "s1414": {"Dice": 0.7484168410301208, "ASIS_L": 6.725119590759277, "ASIS_R": 3.4885854721069336, "PT_L": 13.514857292175293, "PT_R": 4.439380168914795, "IS_L": 7.761170387268066, "IS_R": 6.224573135375977, "PSIS_L": 6.614087104797363, "PSIS_R": 8.02135944366455}, "s1423": {"Dice": 0.7542600631713867, "ASIS_L": 31.76357650756836, "ASIS_R": 3.8359792232513428, "PT_L": 3.9912185668945312, "PT_R": 4.3091583251953125, "IS_L": 2.8422327041625977, "IS_R": 14.61331844329834, "PSIS_L": 52.105163633469765, "PSIS_R": 50.9176673639506}, "s0029": {"Dice": 0.6942535042762756, "ASIS_L": 1.9773585796356201, "ASIS_R": 3.4931392669677734, "PT_L": 2.890359401702881, "PT_R": 1.8816736936569214, "IS_L": 17.97072410583496, "IS_R": 17.04668426513672, "PSIS_L": 0.0, "PSIS_R": 0.0}, "s0038": {"Dice": 0.7731081247329712, "ASIS_L": 2.735220193862915, "ASIS_R": 1.5444456338882446, "PT_L": 8.40727424621582, "PT_R": 5.301312446594238, "IS_L": 0.8732680678367615, "IS_R": 0.8732680678367615, "PSIS_L": 3.117957353591919, "PSIS_R": 1.4566185474395752}, "s0119": {"Dice": 0.7270463109016418, "ASIS_L": 8.469510078430176, "ASIS_R": 1.1841094493865967, "PT_L": 1.2503947019577026, "PT_R": 9.582887649536133, "IS_L": 3.2275869846343994, "IS_R": 2.4232981204986572, "PSIS_L": 29.783552169799805, "PSIS_R": 3.0413084030151367}, "s0236": {"Dice": 0.7210368514060974, "ASIS_L": 6.023277282714844, "ASIS_R": 9.70142650604248, "PT_L": 4.659401893615723, "PT_R": 8.741058349609375, "IS_L": 16.25605583190918, "IS_R": 25.823383331298828, "PSIS_L": 7.553696632385254, "PSIS_R": 13.105998039245605}, "s0308": {"Dice": 0.7516675591468811, "ASIS_L": 58.146728515625, "ASIS_R": 58.60494613647461, "PT_L": 44.3069953918457, "PT_R": 42.229827880859375, "IS_L": 45.50481414794922, "IS_R": 38.77436447143555, "PSIS_L": 63.20027160644531, "PSIS_R": 61.33380889892578}, "s0506": {"Dice": 0.7394938468933105, "ASIS_L": 11.811590194702148, "ASIS_R": 11.677896499633789, "PT_L": 9.28457260131836, "PT_R": 11.772573471069336, "IS_L": 28.858680725097656, "IS_R": 3.53891921043396, "PSIS_L": 4.325197696685791, "PSIS_R": 8.308664321899414}, "s0614": {"Dice": 0.7267164587974548, "ASIS_L": 8.779478073120117, "ASIS_R": 4.140414714813232, "PT_L": 8.658735275268555, "PT_R": 9.792597770690918, "IS_L": 6.559744358062744, "IS_R": 3.3679280281066895, "PSIS_L": 45.68872759366285, "PSIS_R": 42.53055040162452}, "s0650": {"Dice": 0.671829104423523, "ASIS_L": 54.597503662109375,