{"s0000": {"Dice": 0.7942240238189697, "ASIS_L": 55.33930587768555, "ASIS_R": 59.053897857666016, "PT_L": 51.131690979003906, "PT_R": 49.68947982788086, "IS_L": 55.907188415527344, "IS_R": 54.551536560058594, "PSIS_L": 34.0473212352239, "PSIS_R": 36.53503333953103}, "s0013": {"Dice": 0.8586583137512207, "ASIS_L": 5.896154403686523, "ASIS_R": 5.857654571533203, "PT_L": 3.39058518409729, "PT_R": 4.017803192138672, "IS_L": 6.496903419494629, "IS_R": 7.889536380767822, "PSIS_L": 2.5168654918670654, "PSIS_R": 3.074044942855835}, "s0040": {"Dice": 0.8442042469978333, "ASIS_L": 1.7190592288970947, "ASIS_R": 2.227067708969116, "PT_L": 2.6703760623931885, "PT_R": 4.163760662078857, "IS_L": 3.8843915462493896, "IS_R": 4.214324474334717, "PSIS_L": 22.45915440991451, "PSIS_R": 25.051383166610083}, "s0311": {"Dice": 0.8804010152816772, "ASIS_L": 0.9699143171310425, "ASIS_R": 2.7418367862701416, "PT_L": 7.391659259796143, "PT_R": 1.8341712951660156, "IS_L": 5.636666774749756, "IS_R": 4.460207939147949, "PSIS_L": 2.635176181793213, "PSIS_R": 2.12298583984375}, "s1212": {"Dice": 0.8188955783843994, "ASIS_L": 3.9884283542633057, "ASIS_R": 3.7944960594177246, "PT_L": 7.028763294219971, "PT_R": 6.016500473022461, "IS_L": 5.311249256134033, "IS_R": 2.058997392654419, "PSIS_L": 4.542149543762207, "PSIS_R": 3.2570102214813232}, "s1024": {"Dice": 0.5922896862030029, "ASIS_L": 9.238981246948242, "ASIS_R": 11.39641284942627, "PT_L": 56.026607513427734, "PT_R": 3.3376801013946533, "IS_L": 26.309452056884766, "IS_R": 14.826066017150879, "PSIS_L": 22.653812439782175, "PSIS_R": 21.249738270922137}, "s1411": {"Dice": 0.8649224638938904, "ASIS_L": 2.8501904010772705, "ASIS_R": 2.1193974018096924, "PT_L": 2.2883529663085938, "PT_R": 2.6850223541259766, "IS_L": 1.503960371017456, "IS_R": 5.292928218841553, "PSIS_L": 3.4192755222320557, "PSIS_R": 3.52134370803833}, "s0440": {"Dice": 0.8214402794837952, "ASIS_L": 3.4904446601867676, "ASIS_R": 6.362018585205078, "PT_L": 2.3608486652374268, "PT_R": 3.0811641216278076, "IS_L": 3.0598859786987305, "IS_R": 0.8154373168945312, "PSIS_L": 2.5609028339385986, "PSIS_R": 3.771300792694092}, "s1322": {"Dice": 0.8562052845954895, "ASIS_L": 3.5480830669403076, "ASIS_R": 2.653257369995117, "PT_L": 7.337974548339844, "PT_R": 5.3680949211120605, "IS_L": 4.791646957397461, "IS_R": 1.8386443853378296, "PSIS_L": 2.405996799468994, "PSIS_R": 6.683844089508057}, "s1412": {"Dice": 0.7532769441604614, "ASIS_L": 2.851576328277588, "ASIS_R": 6.04149055480957, "PT_L": 3.175691843032837, "PT_R": 4.933908462524414, "IS_L": 4.353456020355225, "IS_R": 4.255987167358398, "PSIS_L": 5.286037921905518, "PSIS_R": 10.127581596374512}, "s0045": {"Dice": 0.8714021444320679, "ASIS_L": 1.995599389076233, "ASIS_R": 2.7394111156463623, "PT_L": 1.929011344909668, "PT_R": 4.519368648529053, "IS_L": 5.241922378540039, "IS_R": 1.910604476928711, "PSIS_L": 3.5410358905792236, "PSIS_R": 3.720538377761841}, "s0216": {"Dice": 0.761924684047699, "ASIS_L": 2.5358078479766846, "ASIS_R": 3.6669681072235107, "PT_L": 1.4694055318832397, "PT_R": 1.4102100133895874, "IS_L": 26.73529815673828, "IS_R": 24.28493309020996, "PSIS_L": 3.1178462505340576, "PSIS_R": 4.413506031036377}, "s0324": {"Dice": 0.7385039329528809, "ASIS_L": 1.6689835786819458, "ASIS_R": 8.229715347290039, "PT_L": 2.7492544651031494, "PT_R": 3.994741916656494, "IS_L": 5.092127323150635, "IS_R": 5.092127323150635, "PSIS_L": 3.9692485332489014, "PSIS_R": 4.2730326652526855}, "s0423": {"Dice": 0.7893487811088562, "ASIS_L": 4.123310089111328, "ASIS_R": 3.2232494354248047, "PT_L": 3.6149098873138428, "PT_R": 2.3606271743774414, "IS_L": 2.3028063774108887, "IS_R": 18.091989517211914, "PSIS_L": 24.32729042228291, "PSIS_R": 24.67728101779644}, "s0441": {"Dice": 0.8447749614715576, "ASIS_L": 2.174337863922119, "ASIS_R": 3.7081105709075928, "PT_L": 4.099225997924805, "PT_R": 3.0979838371276855, "IS_L": 1.3190752267837524, "IS_R": 1.6073628664016724, "PSIS_L": 6.298094749450684, "PSIS_R": 3.7403645515441895}, "s0450": {"Dice": 0.8777005672454834, "ASIS_L": 4.654204845428467, "ASIS_R": 4.164764881134033, "PT_L": 8.231606483459473, "PT_R": 6.2572102546691895, "IS_L": 8.490105628967285, "IS_R": 8.244997024536133, "PSIS_L": 4.222092628479004, "PSIS_R": 4.141354084014893}, "s1053": {"Dice": 0.7523645758628845, "ASIS_L": 44.49715042114258, "ASIS_R": 41.76364517211914, "PT_L": 67.8543701171875, "PT_R": 60.37248611450195, "IS_L": 43.33989334106445, "IS_R": 37.327049255371094, "PSIS_L": 0.0, "PSIS_R": 0.0}, "s1152": {"Dice": 0.7258724570274353, "ASIS_L": 5.4333391189575195, "ASIS_R": 3.3427786827087402, "PT_L": 3.1575520038604736, "PT_R": 4.339150428771973, "IS_L": 12.810675621032715, "IS_R": 6.743560314178467, "PSIS_L": 14.059654235839844, "PSIS_R": 4.778120994567871}, "s1161": {"Dice": 0.7197033166885376, "ASIS_L": 34.652835845947266, "ASIS_R": 35.20049285888672, "PT_L": 26.21967887878418, "PT_R": 27.0051326751709, "IS_L": 37.989013671875, "IS_R": 23.111000061035156, "PSIS_L": 46.558738708496094, "PSIS_R": 53.09112548828125}, "s1233": {"Dice": 0.829740583896637, "ASIS_L": 3.264108180999756, "ASIS_R": 3.5289180278778076, "PT_L": 2.735011577606201, "PT_R": 4.742605686187744, "IS_L": 18.290292739868164, "IS_R": 3.108395576477051, "PSIS_L": 2.497105121612549, "PSIS_R": 1.9867174625396729}, "s1413": {"Dice": 0.8114656209945679, "ASIS_L": 5.084558010101318, "ASIS_R": 8.352717399597168, "PT_L": 1.8813142776489258, "PT_R": 3.659095048904419, "IS_L": 5.570610046386719, "IS_R": 4.124734878540039, "PSIS_L": 2.241208791732788, "PSIS_R": 1.4954193830490112}, "s1422": {"Dice": 0.8113489151000977, "ASIS_L": 5.632224082946777, "ASIS_R": 7.625584602355957, "PT_L": 2.4945428371429443, "PT_R": 2.0431723594665527, "IS_L": 1.5990116596221924, "IS_R": 2.3890562057495117, "PSIS_L": 4.351003646850586, "PSIS_R": 5.3906474113464355}, "s0235": {"Dice": 0.8592070937156677, "ASIS_L": 5.8285369873046875, "ASIS_R": 4.16286563873291, "PT_L": 4.628120422363281, "PT_R": 3.908184051513672, "IS_L": 5.452771186828613, "IS_R": 1.5732710361480713, "PSIS_L": 15.327008247375488, "PSIS_R": 26.512794494628906}, "s0244": {"Dice": 0.8459523916244507, "ASIS_L": 4.691457271575928, "ASIS_R": 5.892577648162842, "PT_L": 3.731464147567749, "PT_R": 2.2527859210968018, "IS_L": 1.8954830169677734, "IS_R": 3.6808724403381348, "PSIS_L": 4.542331695556641, "PSIS_R": 5.143983364105225}, "s0505": {"Dice": 0.8658953309059143, "ASIS_L": 8.539496421813965, "ASIS_R": 4.076076507568359, "PT_L": 1.9858665466308594, "PT_R": 7.700834274291992, "IS_L": 4.245398998260498, "IS_R": 5.21436882019043, "PSIS_L": 5.1530046463012695, "PSIS_R": 4.118578910827637}, "s1414": {"Dice": 0.7890701293945312, "ASIS_L": 2.2822327613830566, "ASIS_R": 2.6036629676818848, "PT_L": 7.739871978759766, "PT_R": 5.221180438995361, "IS_L": 2.8763599395751953, "IS_R": 1.458690881729126, "PSIS_L": 3.3577146530151367, "PSIS_R": 1.1746159791946411}, "s0029": {"Dice": 0.7640289068222046, "ASIS_L": 1.3567346334457397, "ASIS_R": 4.240310192108154, "PT_L": 2.8887698650360107, "PT_R": 3.225726366043091, "IS_L": 2.7101941108703613, "IS_R": 2.769420862197876, "PSIS_L": 23.94999804138789, "PSIS_R": 22.683535810471497}, "s0038": {"Dice": 0.8483373522758484, "ASIS_L": 3.8774635791778564, "ASIS_R": 1.4103264808654785, "PT_L": 4.554514408111572, "PT_R": 1.4915131330490112, "IS_L": 0.9539285898208618, "IS_R": 0.9539285898208618, "PSIS_L": 2.266615629196167, "PSIS_R": 4.103043079376221}, "s0119": {"Dice": 0.8353061676025391, "ASIS_L": 3.988565683364868, "ASIS_R": 2.8100616931915283, "PT_L": 3.272139549255371, "PT_R": 3.97554874420166, "IS_L": 3.4826300144195557, "IS_R": 3.080986976623535, "PSIS_L": 3.3210015296936035, "PSIS_R": 4.683582305908203}, "s0236": {"Dice": 0.8121616840362549, "ASIS_L": 5.86865758895874, "ASIS_R": 3.036513328552246, "PT_L": 3.855588436126709, "PT_R": 5.441917896270752, "IS_L": 4.129362106323242, "IS_R": 3.4630837440490723, "PSIS_L": 5.650975227355957, "PSIS_R": 5.602380275726318}, "s0308": {"Dice": 0.8036972880363464,