{"s0013": {"Dice": 0.7970914244651794, "ASIS_L": 4.2477264404296875, "ASIS_R": 5.395692348480225, "PT_L": 0.8248528242111206, "PT_R": 4.000894546508789, "IS_L": 5.43781042098999, "IS_R": 7.3796844482421875, "PSIS_L": 2.417724609375, "PSIS_R": 4.647465705871582}, "s0040": {"Dice": 0.8077255487442017, "ASIS_L": 2.568554162979126, "ASIS_R": 1.9900505542755127, "PT_L": 5.612002849578857, "PT_R": 5.600340843200684, "IS_L": 1.8388266563415527, "IS_R": 3.0102734565734863, "PSIS_L": 2.9880990982055664, "PSIS_R": 9.356080055236816}, "s0311": {"Dice": 0.8357427716255188, "ASIS_L": 4.570392608642578, "ASIS_R": 2.33724045753479, "PT_L": 2.6987454891204834, "PT_R": 2.979125499725342, "IS_L": 2.1163649559020996, "IS_R": 2.1150777339935303, "PSIS_L": 2.271449089050293, "PSIS_R": 1.4426461458206177}, "s1411": {"Dice": 0.8324580788612366, "ASIS_L": 2.0753538608551025, "ASIS_R": 3.0265519618988037, "PT_L": 2.389033079147339, "PT_R": 4.349769592285156, "IS_L": 6.434703826904297, "IS_R": 5.769498348236084, "PSIS_L": 3.324824094772339, "PSIS_R": 2.663252115249634}, "s0440": {"Dice": 0.7808141112327576, "ASIS_L": 4.900956153869629, "ASIS_R": 7.663562774658203, "PT_L": 2.6145050525665283, "PT_R": 3.2142810821533203, "IS_L": 3.425394296646118, "IS_R": 0.5633607506752014, "PSIS_L": 23.945951597314366, "PSIS_R": 25.135492490649966}, "s1322": {"Dice": 0.8304978013038635, "ASIS_L": 3.9344775676727295, "ASIS_R": 3.3905692100524902, "PT_L": 6.879472255706787, "PT_R": 5.402900695800781, "IS_L": 2.714005947113037, "IS_R": 3.202988624572754, "PSIS_L": 31.96021832622689, "PSIS_R": 35.74576026698055}, "s1412": {"Dice": 0.639410138130188, "ASIS_L": 16.563121795654297, "ASIS_R": 62.901336669921875, "PT_L": 10.886037826538086, "PT_R": 5.595750331878662, "IS_L": 7.7202229499816895, "IS_R": 8.702353477478027, "PSIS_L": 4.254573822021484, "PSIS_R": 96.26591491699219}, "s0045": {"Dice": 0.8322578072547913, "ASIS_L": 4.5959391593933105, "ASIS_R": 3.9348552227020264, "PT_L": 4.235574245452881, "PT_R": 7.044594764709473, "IS_L": 3.1740214824676514, "IS_R": 2.4105887413024902, "PSIS_L": 1.884074091911316, "PSIS_R": 3.541512966156006}, "s0216": {"Dice": 0.7655947804450989, "ASIS_L": 2.989560127258301, "ASIS_R": 3.8741140365600586, "PT_L": 3.0987679958343506, "PT_R": 0.7194278836250305, "IS_L": 4.95251989364624, "IS_R": 1.8079088926315308, "PSIS_L": 3.483268976211548, "PSIS_R": 1.8373265266418457}, "s0441": {"Dice": 0.8008379340171814, "ASIS_L": 2.0670957565307617, "ASIS_R": 4.306905746459961, "PT_L": 1.0459315776824951, "PT_R": 1.6476083993911743, "IS_L": 2.9331300258636475, "IS_R": 1.5875144004821777, "PSIS_L": 6.878774642944336, "PSIS_R": 3.2087903022766113}, "s0450": {"Dice": 0.8355911374092102, "ASIS_L": 4.854003429412842, "ASIS_R": 3.872041702270508, "PT_L": 5.288482666015625, "PT_R": 3.561375856399536, "IS_L": 2.1383824348449707, "IS_R": 5.820645809173584, "PSIS_L": 8.052976608276367, "PSIS_R": 12.98332405090332}, "s1161": {"Dice": 0.6373757123947144, "ASIS_L": 11.48171329498291, "ASIS_R": 13.049254417419434, "PT_L": 7.300621509552002, "PT_R": 5.829041481018066, "IS_L": 14.397093772888184, "IS_R": 24.27962875366211, "PSIS_L": 16.040903091430664, "PSIS_R": 21.75104522705078}, "s1233": {"Dice": 0.7437872290611267, "ASIS_L": 2.31516432762146, "ASIS_R": 7.04458475112915, "PT_L": 2.5415287017822266, "PT_R": 5.867209434509277, "IS_L": 4.063079833984375, "IS_R": 4.534992218017578, "PSIS_L": 5.069705486297607, "PSIS_R": 7.764124870300293}, "s1422": {"Dice": 0.7450557947158813, "ASIS_L": 2.109891176223755, "ASIS_R": 7.761533737182617, "PT_L": 2.9348087310791016, "PT_R": 1.9387047290802002, "IS_L": 1.4985727071762085, "IS_R": 2.486598491668701, "PSIS_L": 1.1976805925369263, "PSIS_R": 5.619151592254639}, "s0235": {"Dice": 0.8281592130661011, "ASIS_L": 2.496392011642456, "ASIS_R": 2.1241838932037354, "PT_L": 4.396664619445801, "PT_R": 4.213535785675049, "IS_L": 9.900908470153809, "IS_R": 6.567129611968994, "PSIS_L": 17.088525772094727, "PSIS_R": 28.246366500854492}, "s0505": {"Dice": 0.7965202927589417, "ASIS_L": 14.047708511352539, "ASIS_R": 77.3341064453125, "PT_L": 2.7856531143188477, "PT_R": 39.709068298339844, "IS_L": 9.104462623596191, "IS_R": 11.74875545501709, "PSIS_L": 23.89126201291018, "PSIS_R": 27.62659419682673}, "s1414": {"Dice": 0.7808979749679565, "ASIS_L": 3.5567915439605713, "ASIS_R": 4.556729316711426, "PT_L": 5.38158655166626, "PT_R": 2.1582415103912354, "IS_L": 10.311095237731934, "IS_R": 8.452960014343262, "PSIS_L": 5.883638381958008, "PSIS_R": 5.603440761566162}, "s1423": {"Dice": 0.796695351600647, "ASIS_L": 2.8837482929229736, "ASIS_R": 2.8837482929229736, "PT_L": 3.342496633529663, "PT_R": 3.016798734664917, "IS_L": 9.685251235961914, "IS_R": 4.459686756134033, "PSIS_L": 11.297748565673828, "PSIS_R": 1.7555376291275024}, "s0029": {"Dice": 0.7425143122673035, "ASIS_L": 2.063850164413452, "ASIS_R": 1.5044794082641602, "PT_L": 3.387702226638794, "PT_R": 2.6913766860961914, "IS_L": 8.515766143798828, "IS_R": 8.002464294433594, "PSIS_L": 25.919517025862117, "PSIS_R": 82.00236651617567}, "s0119": {"Dice": 0.7758097648620605, "ASIS_L": 2.3715014457702637, "ASIS_R": 3.3887579441070557, "PT_L": 2.483443021774292, "PT_R": 5.409789085388184, "IS_L": 5.09710693359375, "IS_R": 2.5376455783843994, "PSIS_L": 2.482923746109009, "PSIS_R": 0.8413532376289368}, "s0308": {"Dice": 0.782145619392395, "ASIS_L": 2.672429323196411, "ASIS_R": 4.694828033447266, "PT_L": 2.5708556175231934, "PT_R": 2.5169544219970703, "IS_L": 2.014784812927246, "IS_R": 2.3940625190734863, "PSIS_L": 1.3422210216522217, "PSIS_R": 2.4234135150909424}, "s0506": {"Dice": 0.7869833707809448, "ASIS_L": 4.1542181968688965, "ASIS_R": 3.178936004638672, "PT_L": 2.6331582069396973, "PT_R": 2.361994504928589, "IS_L": 4.283782482147217, "IS_R": 4.762873649597168, "PSIS_L": 4.1112775802612305, "PSIS_R": 3.0392165184020996}, "s0614": {"Dice": 0.752819836139679, "ASIS_L": 99.56975555419922, "ASIS_R": 99.15813446044922, "PT_L": 68.6690444946289, "PT_R": 71.64945220947266, "IS_L": 92.03853607177734, "IS_R": 67.6225357055664, "PSIS_L": 78.52156829833984, "PSIS_R": 39.92593765258789}, "s0650": {"Dice": 0.7426649332046509, "ASIS_L": 1.30744469165802, "ASIS_R": 1.5523630380630493, "PT_L": 2.7628936767578125, "PT_R": 3.3180503845214844, "IS_L": 6.175145149230957, "IS_R": 5.736745834350586, "PSIS_L": 24.570040940066733, "PSIS_R": 23.832176966962972}, "s1046": {"Dice": 0.8208951354026794, "ASIS_L": 4.646751880645752, "ASIS_R": 3.8955984115600586, "PT_L": 2.0894715785980225, "PT_R": 3.806612014770508, "IS_L": 3.3939199447631836, "IS_R": 2.7354490756988525, "PSIS_L": 2.6431736946105957, "PSIS_R": 1.4480550289154053}, "s1424": {"Dice": 0.7101715207099915, "ASIS_L": 49.955718994140625, "ASIS_R": 54.087646484375, "PT_L": 61.029998779296875, "PT_R": 101.53387451171875, "IS_L": 50.19777297973633, "IS_R": 37.269351959228516, "PSIS_L": 30.346182053970953, "PSIS_R": 31.991084640974186}, "s0291": {"Dice": 0.8064314723014832, "ASIS_L": 4.647457122802734, "ASIS_R": 3.290118932723999, "PT_L": 6.57550573348999, "PT_R": 2.2033345699310303, "IS_L": 40.270687103271484, "IS_R": 34.866912841796875, "PSIS_L": 3.4025309085845947, "PSIS_R": 4.899564266204834}, "s0607": {"Dice": 0.8220073580741882, "ASIS_L": 4.208676338195801, "ASIS_R": 9.75624942779541, "PT_L": 3.545661449432373, "PT_R": 2.8632466793060303, "IS_L": 2.38201904296875, "IS_R": 2.010427236557007, "PSIS_L": 3.081113576889038, "PSIS_R": 0.9699869751930237}, "s0760": {"Dice": 0.8378102779388428, "ASIS_L": 4.68085241317749, "ASIS_R": 2.803925037384033, "PT_L": 3.40523099899292, "PT_R": 3.496757984161377, "IS_L": 15.767770767211914, "IS_R": 15.614316940307617, "PSIS_L": 10.67059326171875, "PSIS_R": 89.2746810913086}, "s1057": {"Dice": 0.7248664498329163, "ASIS_L": 19.6643123626709, "ASIS_R": 15.02782154083252, "PT_L": 5.393603324890137, "PT_R": 4.606236457824707, "IS_L": 17.83009910583496, "IS_R": 17.989389419555664, "PSIS_L": 3.9202253818511963, "PSIS_R": 2.1999685764312744},