{"s0000": {"Dice": 0.12399671226739883, "ASIS_L": 63.104652404785156, "ASIS_R": 60.690120697021484, "PT_L": 75.86668395996094, "PT_R": 69.08489227294922, "IS_L": 31.645952224731445, "IS_R": 29.41082191467285, "PSIS_L": 14.830993151618616, "PSIS_R": 16.208875655831466}, "s0013": {"Dice": 0.6597662568092346, "ASIS_L": 69.01145935058594, "ASIS_R": 71.99268341064453, "PT_L": 53.66480255126953, "PT_R": 56.76994323730469, "IS_L": 6.918040752410889, "IS_R": 8.708945274353027, "PSIS_L": 53.20767593383789, "PSIS_R": 56.883544921875}, "s0040": {"Dice": 0.6824468374252319, "ASIS_L": 37.03042221069336, "ASIS_R": 25.32502555847168, "PT_L": 33.85707092285156, "PT_R": 37.53788757324219, "IS_L": 31.0134334564209, "IS_R": 21.87821388244629, "PSIS_L": 0.0, "PSIS_R": 0.0}, "s0311": {"Dice": 0.7374366521835327, "ASIS_L": 1.0941495895385742, "ASIS_R": 6.39144229888916, "PT_L": 3.884469747543335, "PT_R": 3.1358914375305176, "IS_L": 4.102814197540283, "IS_R": 4.587205410003662, "PSIS_L": 26.023819237439326, "PSIS_R": 28.35396557654652}, "s1212": {"Dice": 0.6364830136299133, "ASIS_L": 68.07984161376953, "ASIS_R": 63.841339111328125, "PT_L": 60.56772232055664, "PT_R": 57.2953987121582, "IS_L": 54.61514663696289, "IS_R": 57.824623107910156, "PSIS_L": 27.305060216699662, "PSIS_R": 26.865816365891263}, "s1024": {"Dice": 0.08301515132188797, "ASIS_L": 21.355836868286133, "ASIS_R": 32.42111587524414, "PT_L": 70.2621841430664, "PT_R": 31.64919662475586, "IS_L": 25.872695922851562, "IS_R": 19.123891830444336, "PSIS_L": 0.0, "PSIS_R": 0.0}, "s1240": {"Dice": 0.10365335643291473, "ASIS_L": 81.62554168701172, "ASIS_R": 24.457271575927734, "PT_L": 77.70878601074219, "PT_R": 23.424205780029297, "IS_L": 42.8070182800293, "IS_R": 23.240209579467773, "PSIS_L": 57.273860807387315, "PSIS_R": 29.53062840036171}, "s1411": {"Dice": 0.6706412434577942, "ASIS_L": 1.223800778388977, "ASIS_R": 2.8902535438537598, "PT_L": 1.3866313695907593, "PT_R": 5.559600830078125, "IS_L": 8.012491226196289, "IS_R": 8.643819808959961, "PSIS_L": 7.171973705291748, "PSIS_R": 7.276263236999512}, "s0440": {"Dice": 0.6027750372886658, "ASIS_L": 8.222973823547363, "ASIS_R": 6.3910603523254395, "PT_L": 9.64419937133789, "PT_R": 5.888808727264404, "IS_L": 21.452428817749023, "IS_R": 21.32263946533203, "PSIS_L": 20.15238802212257, "PSIS_R": 20.266721708861265}, "s1223": {"Dice": 0.6380226612091064, "ASIS_L": 40.57899856567383, "ASIS_R": 44.6641845703125, "PT_L": 25.515336990356445, "PT_R": 23.84229850769043, "IS_L": 44.368167877197266, "IS_R": 47.9671516418457, "PSIS_L": 0.0, "PSIS_R": 0.0}, "s1322": {"Dice": 0.7331014275550842, "ASIS_L": 69.16401672363281, "ASIS_R": 72.02194213867188, "PT_L": 54.58555603027344, "PT_R": 56.850929260253906, "IS_L": 4.828911304473877, "IS_R": 6.580163478851318, "PSIS_L": 52.7764778137207, "PSIS_R": 59.1409912109375}, "s1412": {"Dice": 0.537594735622406, "ASIS_L": 52.164512634277344, "ASIS_R": 44.86172103881836, "PT_L": 45.58437728881836, "PT_R": 53.39661407470703, "IS_L": 48.96067428588867, "IS_R": 40.3535270690918, "PSIS_L": 52.5368537902832, "PSIS_R": 51.837860107421875}, "s1421": {"Dice": 0.6150817275047302, "ASIS_L": 9.33655834197998, "ASIS_R": 27.787534713745117, "PT_L": 37.90729522705078, "PT_R": 48.96796417236328, "IS_L": 49.31343460083008, "IS_R": 20.21129035949707, "PSIS_L": 38.12595017880463, "PSIS_R": 35.92361784151345}, "s0045": {"Dice": 0.6685816645622253, "ASIS_L": 54.583377838134766, "ASIS_R": 56.68252182006836, "PT_L": 50.06930160522461, "PT_R": 48.516414642333984, "IS_L": 38.602455139160156, "IS_R": 43.728614807128906, "PSIS_L": 52.96161651611328, "PSIS_R": 62.62803649902344}, "s0216": {"Dice": 0.4161560833454132, "ASIS_L": 46.31959915161133, "ASIS_R": 43.920108795166016, "PT_L": 50.50156784057617, "PT_R": 56.063106536865234, "IS_L": 32.500633239746094, "IS_R": 33.79186248779297, "PSIS_L": 56.885223388671875, "PSIS_R": 47.20195388793945}, "s0324": {"Dice": 0.5625797510147095, "ASIS_L": 1.4221551418304443, "ASIS_R": 7.9655938148498535, "PT_L": 2.6939682960510254, "PT_R": 5.570133209228516, "IS_L": 2.07854962348938, "IS_R": 4.092817306518555, "PSIS_L": 5.763006210327148, "PSIS_R": 8.923928260803223}, "s0450": {"Dice": 0.6972792148590088, "ASIS_L": 87.87353515625, "ASIS_R": 93.32378387451172, "PT_L": 72.95408630371094, "PT_R": 80.27325439453125, "IS_L": 5.626616954803467, "IS_R": 5.950608253479004, "PSIS_L": 62.15375900268555, "PSIS_R": 67.88765716552734}, "s1152": {"Dice": 0.46489283442497253, "ASIS_L": 16.118785858154297, "ASIS_R": 4.329298496246338, "PT_L": 14.639795303344727, "PT_R": 3.0509815216064453, "IS_L": 11.424419403076172, "IS_R": 14.792844772338867, "PSIS_L": 13.013830184936523, "PSIS_R": 17.84773063659668}, "s1161": {"Dice": 0.46674686670303345, "ASIS_L": 9.392311096191406, "ASIS_R": 8.327537536621094, "PT_L": 9.653534889221191, "PT_R": 5.820336818695068, "IS_L": 8.199176788330078, "IS_R": 15.88364315032959, "PSIS_L": 20.960006226212563, "PSIS_R": 21.67677456388782}, "s1233": {"Dice": 0.646771252155304, "ASIS_L": 39.65410614013672, "ASIS_R": 12.760613441467285, "PT_L": 36.207218170166016, "PT_R": 40.72896194458008, "IS_L": 39.8648567199707, "IS_R": 22.869659423828125, "PSIS_L": 21.45243403584884, "PSIS_R": 20.890031443080158}, "s1413": {"Dice": 0.5206874012947083, "ASIS_L": 51.202728271484375, "ASIS_R": 38.53541564941406, "PT_L": 33.94376754760742, "PT_R": 32.335838317871094, "IS_L": 6.930491924285889, "IS_R": 4.015401840209961, "PSIS_L": 24.295161476608996, "PSIS_R": 24.582256120350998}, "s1422": {"Dice": 0.608396053314209, "ASIS_L": 15.668341636657715, "ASIS_R": 11.360465049743652, "PT_L": 5.997832775115967, "PT_R": 8.010429382324219, "IS_L": 16.935739517211914, "IS_R": 9.160035133361816, "PSIS_L": 9.65088176727295, "PSIS_R": 6.546050548553467}, "s0235": {"Dice": 0.6648688316345215, "ASIS_L": 8.188096046447754, "ASIS_R": 6.603565692901611, "PT_L": 9.607914924621582, "PT_R": 9.002647399902344, "IS_L": 6.238832473754883, "IS_R": 5.136463642120361, "PSIS_L": 6.558712482452393, "PSIS_R": 7.931279182434082}, "s0244": {"Dice": 0.6559236645698547, "ASIS_L": 70.92086791992188, "ASIS_R": 69.91455078125, "PT_L": 63.885162353515625, "PT_R": 60.0260009765625, "IS_L": 6.696654796600342, "IS_R": 9.152226448059082, "PSIS_L": 59.555747985839844, "PSIS_R": 60.624881744384766}, "s1423": {"Dice": 0.7076767086982727, "ASIS_L": 54.171993255615234, "ASIS_R": 62.905662536621094, "PT_L": 32.65109634399414, "PT_R": 34.276954650878906, "IS_L": 57.79390335083008, "IS_R": 37.72359848022461, "PSIS_L": 0.0, "PSIS_R": 0.0}, "s0029": {"Dice": 0.6338489055633545, "ASIS_L": 2.378466844558716, "ASIS_R": 2.569135904312134, "PT_L": 6.4957051277160645, "PT_R": 2.216784715652466, "IS_L": 17.416841506958008, "IS_R": 16.321807861328125, "PSIS_L": 0.0, "PSIS_R": 0.0}, "s0038": {"Dice": 0.6472908854484558, "ASIS_L": 6.917608261108398, "ASIS_R": 3.5210182666778564, "PT_L": 4.607120990753174, "PT_R": 4.9853973388671875, "IS_L": 8.471811294555664, "IS_R": 7.876599311828613, "PSIS_L": 2.348487615585327, "PSIS_R": 12.23431396484375}, "s0119": {"Dice": 0.698579728603363, "ASIS_L": 4.744060516357422, "ASIS_R": 4.148787975311279, "PT_L": 6.3484721183776855, "PT_R": 5.30470085144043, "IS_L": 3.4948153495788574, "IS_R": 6.13908052444458, "PSIS_L": 25.152632598292666, "PSIS_R": 26.04033968054979}, "s0236": {"Dice": 0.6649693250656128, "ASIS_L": 4.847716331481934, "ASIS_R": 3.7670748233795166, "PT_L": 8.502890586853027, "PT_R": 8.155940055847168, "IS_L": 6.251557350158691, "IS_R": 19.86966323852539, "PSIS_L": 0.0, "PSIS_R": 0.0}, "s0308": {"Dice": 0.6051126718521118, "ASIS_L": 32.76898956298828, "ASIS_R": 43.942832946777344, "PT_L": 40.75468063354492, "PT_R": 36.24382019042969, "IS_L": 22.17043685913086, "IS_R": 26.06988525390625, "PSIS_L": 0.0, "PSIS_R": 0.0}, "s0506": {"Dice": 0.6712843775749207, "ASIS_L": 96.29010009765625, "ASIS_R": 93.11705017089844, "PT_L": 74.79863739013672, "PT_R": 74.68763732910156, "IS_L": 3.1162309646606445, "IS_R": 4.956047058105469, "PSIS_L": 71.35850524902344,