{"s0000": {"Dice": 0.599548876285553, "ASIS_L": 60.960205078125, "ASIS_R": 78.51940155029297, "PT_L": 40.6706428527832, "PT_R": 32.73847961425781, "IS_L": 35.84982681274414, "IS_R": 44.68419647216797, "PSIS_L": 70.8911243189679, "PSIS_R": 25.779928866930078}, "s0013": {"Dice": 0.7415555119514465, "ASIS_L": 72.91242980957031, "ASIS_R": 72.95337677001953, "PT_L": 50.365108489990234, "PT_R": 46.851409912109375, "IS_L": 59.92250061035156, "IS_R": 64.7227783203125, "PSIS_L": 70.9053955078125, "PSIS_R": 69.87100982666016}, "s0040": {"Dice": 0.7584928870201111, "ASIS_L": 5.252212047576904, "ASIS_R": 5.693912506103516, "PT_L": 5.8496222496032715, "PT_R": 5.383680820465088, "IS_L": 0.6607853174209595, "IS_R": 1.861600399017334, "PSIS_L": 23.06045501203421, "PSIS_R": 25.27612790841455}, "s0311": {"Dice": 0.7670077085494995, "ASIS_L": 3.458468437194824, "ASIS_R": 4.23385763168335, "PT_L": 7.084120750427246, "PT_R": 7.020663738250732, "IS_L": 5.543148040771484, "IS_R": 4.8249831199646, "PSIS_L": 2.8705954551696777, "PSIS_R": 3.739504814147949}, "s1212": {"Dice": 0.685041069984436, "ASIS_L": 87.95700073242188, "ASIS_R": 88.04859924316406, "PT_L": 54.104427337646484, "PT_R": 58.45037841796875, "IS_L": 79.35169982910156, "IS_R": 80.37044525146484, "PSIS_L": 63.989688873291016, "PSIS_R": 30.264076232910156}, "s1024": {"Dice": 0.19588495790958405, "ASIS_L": 31.9749813079834, "ASIS_R": 25.68836212158203, "PT_L": 82.5616226196289, "PT_R": 28.525379180908203, "IS_L": 43.53607177734375, "IS_R": 40.509483337402344, "PSIS_L": 30.57090117697818, "PSIS_R": 40.295495708128186}, "s1411": {"Dice": 0.7345538139343262, "ASIS_L": 5.945553302764893, "ASIS_R": 5.459134101867676, "PT_L": 3.0618388652801514, "PT_R": 8.251985549926758, "IS_L": 4.979203701019287, "IS_R": 5.514032363891602, "PSIS_L": 6.880584716796875, "PSIS_R": 8.023468017578125}, "s0440": {"Dice": 0.6757248044013977, "ASIS_L": 9.722687721252441, "ASIS_R": 4.6591033935546875, "PT_L": 2.7167136669158936, "PT_R": 7.504823207855225, "IS_L": 3.8676702976226807, "IS_R": 22.163970947265625, "PSIS_L": 24.621063140905115, "PSIS_R": 25.674682682647717}, "s1223": {"Dice": 0.7217278480529785, "ASIS_L": 51.812721252441406, "ASIS_R": 53.0096435546875, "PT_L": 33.93888854980469, "PT_R": 29.370468139648438, "IS_L": 61.736454010009766, "IS_R": 61.130836486816406, "PSIS_L": 52.973018646240234, "PSIS_R": 48.898250579833984}, "s1322": {"Dice": 0.7521485090255737, "ASIS_L": 8.667078971862793, "ASIS_R": 6.7135748863220215, "PT_L": 4.623974800109863, "PT_R": 3.114126205444336, "IS_L": 24.860071182250977, "IS_R": 4.49974250793457, "PSIS_L": 4.088559627532959, "PSIS_R": 10.190220832824707}, "s1412": {"Dice": 0.5489091873168945, "ASIS_L": 13.574700355529785, "ASIS_R": 12.701420783996582, "PT_L": 6.510443687438965, "PT_R": 8.551483154296875, "IS_L": 2.015029191970825, "IS_R": 6.645313262939453, "PSIS_L": 4.985785961151123, "PSIS_R": 5.101815223693848}, "s0045": {"Dice": 0.7596840262413025, "ASIS_L": 69.61959838867188, "ASIS_R": 81.14540100097656, "PT_L": 18.968093872070312, "PT_R": 49.560760498046875, "IS_L": 53.60276794433594, "IS_R": 44.9105110168457, "PSIS_L": 30.57872307437038, "PSIS_R": 29.28601619649944}, "s0216": {"Dice": 0.6526630520820618, "ASIS_L": 8.470619201660156, "ASIS_R": 4.762913703918457, "PT_L": 3.9294557571411133, "PT_R": 5.723419189453125, "IS_L": 12.270511627197266, "IS_R": 12.857324600219727, "PSIS_L": 5.175197601318359, "PSIS_R": 7.753482818603516}, "s0324": {"Dice": 0.5600202679634094, "ASIS_L": 4.833735942840576, "ASIS_R": 12.130119323730469, "PT_L": 2.614222526550293, "PT_R": 2.4135024547576904, "IS_L": 4.408122539520264, "IS_R": 4.408122539520264, "PSIS_L": 8.888940811157227, "PSIS_R": 6.76218318939209}, "s0423": {"Dice": 0.6576179265975952, "ASIS_L": 2.5370960235595703, "ASIS_R": 5.569072723388672, "PT_L": 8.008783340454102, "PT_R": 4.751645088195801, "IS_L": 2.1009979248046875, "IS_R": 1.4376556873321533, "PSIS_L": 25.269250949508667, "PSIS_R": 24.223857994119005}, "s0441": {"Dice": 0.753244936466217, "ASIS_L": 6.997955799102783, "ASIS_R": 4.400646686553955, "PT_L": 4.4815897941589355, "PT_R": 4.703658580780029, "IS_L": 4.9956536293029785, "IS_R": 5.536025047302246, "PSIS_L": 8.420321464538574, "PSIS_R": 4.609714984893799}, "s0450": {"Dice": 0.7452474236488342, "ASIS_L": 11.078824996948242, "ASIS_R": 6.979496002197266, "PT_L": 2.9103550910949707, "PT_R": 5.146718978881836, "IS_L": 33.79493713378906, "IS_R": 5.529299736022949, "PSIS_L": 8.229761123657227, "PSIS_R": 19.863073348999023}, "s1152": {"Dice": 0.6091262698173523, "ASIS_L": 37.17558670043945, "ASIS_R": 36.013851165771484, "PT_L": 29.72178077697754, "PT_R": 33.2747917175293, "IS_L": 43.629512786865234, "IS_R": 40.667137145996094, "PSIS_L": 0.0, "PSIS_R": 0.0}, "s1161": {"Dice": 0.5243328213691711, "ASIS_L": 18.345096588134766, "ASIS_R": 13.428370475769043, "PT_L": 10.529558181762695, "PT_R": 6.149939060211182, "IS_L": 8.670320510864258, "IS_R": 12.845040321350098, "PSIS_L": 8.454885482788086, "PSIS_R": 18.567882537841797}, "s1413": {"Dice": 0.705160915851593, "ASIS_L": 10.944324493408203, "ASIS_R": 7.635730266571045, "PT_L": 10.46605110168457, "PT_R": 6.444333076477051, "IS_L": 7.548225402832031, "IS_R": 24.940277099609375, "PSIS_L": 6.3712477684021, "PSIS_R": 8.20042896270752}, "s1422": {"Dice": 0.6861796975135803, "ASIS_L": 28.386516571044922, "ASIS_R": 61.177101135253906, "PT_L": 61.87589645385742, "PT_R": 55.39963150024414, "IS_L": 35.61250305175781, "IS_R": 59.42531204223633, "PSIS_L": 50.45458221435547, "PSIS_R": 45.047855377197266}, "s0235": {"Dice": 0.7283768653869629, "ASIS_L": 10.168057441711426, "ASIS_R": 7.933300018310547, "PT_L": 9.03265380859375, "PT_R": 9.92018985748291, "IS_L": 8.53759765625, "IS_R": 8.36026668548584, "PSIS_L": 36.083259313506225, "PSIS_R": 42.91134161136148}, "s0244": {"Dice": 0.69780033826828, "ASIS_L": 8.134977340698242, "ASIS_R": 10.465161323547363, "PT_L": 6.9628167152404785, "PT_R": 3.516995429992676, "IS_L": 8.289546966552734, "IS_R": 7.019108295440674, "PSIS_L": 11.056819915771484, "PSIS_R": 12.913971900939941}, "s0505": {"Dice": 0.7046911120414734, "ASIS_L": 61.46623611450195, "ASIS_R": 71.80455017089844, "PT_L": 43.47608947753906, "PT_R": 48.29936981201172, "IS_L": 49.78312683105469, "IS_R": 43.03728103637695, "PSIS_L": 52.996639251708984, "PSIS_R": 35.12668991088867}, "s1414": {"Dice": 0.7035697102546692, "ASIS_L": 4.255366802215576, "ASIS_R": 3.087035655975342, "PT_L": 7.91119909286499, "PT_R": 7.061875343322754, "IS_L": 5.9340739250183105, "IS_R": 4.93780517578125, "PSIS_L": 4.064671516418457, "PSIS_R": 3.8025360107421875}, "s1423": {"Dice": 0.7339696288108826, "ASIS_L": 7.397711753845215, "ASIS_R": 6.670114517211914, "PT_L": 2.189537286758423, "PT_R": 1.5449384450912476, "IS_L": 13.046043395996094, "IS_R": 5.850394248962402, "PSIS_L": 6.728650093078613, "PSIS_R": 1.799737572669983}, "s0029": {"Dice": 0.684955894947052, "ASIS_L": 49.375675201416016, "ASIS_R": 49.53213882446289, "PT_L": 34.382972717285156, "PT_R": 34.4177131652832, "IS_L": 38.6065788269043, "IS_R": 40.66485595703125, "PSIS_L": 35.42822640658202, "PSIS_R": 36.20336035817493}, "s0038": {"Dice": 0.7223623394966125, "ASIS_L": 10.8002347946167, "ASIS_R": 7.267688751220703, "PT_L": 3.172457218170166, "PT_R": 3.522688388824463, "IS_L": 3.7208869457244873, "IS_R": 3.7208869457244873, "PSIS_L": 29.748565166631206, "PSIS_R": 28.895152096981136}, "s0119": {"Dice": 0.7436171770095825, "ASIS_L": 65.4359359741211, "ASIS_R": 75.26316833496094, "PT_L": 47.71294021606445, "PT_R": 52.28822326660156, "IS_L": 46.24494934082031, "IS_R": 46.17020797729492, "PSIS_L": 52.53173828125, "PSIS_R": 40.222137451171875}, "s0236": {"Dice": 0.7126013040542603, "ASIS_L": 7.645976543426514, "ASIS_R": 3.287503242492676, "PT_L": 4.425021171569824, "PT_R": 6.555215835571289, "IS_L": 10.90160846710205, "IS_R": 2.879002332687378, "PSIS_L": 7.590770721435547, "PSIS_R": 2.846693992614746}, "s0308": {"Dice": 0.6969422698020935, "ASIS_L": 4.384863376617432, "ASIS_R": 5.336765289306641,